SurveyID,Date,Season,Property,Quadrat no,Easting ,Northing,Aspect,Landscape position,ExoticAnnualGrass_cover,ExoticAnnualHerb_cover,ExoticPerennialHerb_cover,ExoticPerennialGrass_cover,ExoticShrub_cover,NativePerennialFern_cover,NativePerennialGrass_cover,NativePerennialHerb_cover,NativePerennialGraminoid_cover,NativeShrub_cover,BareGround_cover,Litter_cover,MossLichen_cover,Rock_cover,Euc_canopy_cover,Distance_to_Eucalypt_canopy(m),euc_sdlgs0_50cm,euc_sdlgs50cm-2m,euc_sdlgs>2m,annual_precipitation,precipitation_warmest_quarter,precipitation_coldest_quarter,PET,MrVBF,K_perc,Th_ppm,U_ppm,SRad_Jan,SRad_Jul
1,24/07/2006,Winter 2006,Barlow,1,310042,5934571,nne,slope,5.7,0.3,0,0,0,0,16.7,3.1,4,1.7,7.3,53.3,21.7,3,0,0,3,7,0,526,106,160,1289.46,3.172095,0.82,14.58,7.54,175476,42616
2,24/07/2006,Winter 2006,Barlow,2,310087,5934567,ne,slope,6.7,3.6,0,0,0,0,28.3,4.6,0,0,33.3,20,12.3,2.3,0,5,0,2,0,525,106,160,1289.41,4.483536,0.81,14.56,7.59,175444,42541
3,24/07/2006,Winter 2006,Barlow,3,310240,5934699,se,slope,2.3,0,0,0,0,0,3.3,0,0,0,30,18.3,5,48.3,0,0,0,0,0,524,105,159,1289.521,4.229643,0.91,14.43,6.11,175253,42276
4,24/07/2006,Winter 2006,Barlow,4,309998,5934968,0,flat,5,1.3,0,0,0,0,40,0,0,0,15,41.7,10,0,0,5,0,1,0,524,105,159,1290.261,4.349258,0.86,14.84,7.02,176243,43843
5,24/07/2006,Winter 2006,Barlow,5,309958,5934752,0,flat,5.7,4.7,0,0,0,0,20,0,1.7,0,11,46.7,28.3,0,0,5,0,3,0,526,106,160,1289.884,4.720629,0.81,14.96,7.39,176209,43525
6,24/07/2006,Winter 2006,Barlow,6,310137,5934765,0,flat,4.3,4,2,0,0,0,28.3,0,0,0,8.3,66.7,0,0,0,15,0,3,0,526,106,160,1289.744,4.665452,0.86,14.93,7.16,176141,43026
7,25/07/2006,Winter 2006,Blaber,1,386643,5936462,e,slope,1.7,5,0,0,0,10,26.7,7.4,0,0,0,68.3,2.3,0,55,0,0,0,0,846,136,295,1256.436,0,1.66,21.27,7.05,174276,39886
8,25/07/2006,Winter 2006,Blaber,2,386736,5936384,e,slope,3,9.6,20,0,0,0,33.3,1,0,0,2.3,33.3,43.3,1.7,0,34,0,0,0,836,135,291,1255.499,0,1.36,21.71,5.98,176319,43173
9,25/07/2006,Winter 2006,Blaber,3,386732,5936315,e,slope,1.7,10,31,0,0,0,36.7,1.7,0,0,0,24,25,0,38.3,0,0,0,0,835,134,291,1255.091,0,1.44,21.35,5.86,170274,34865
10,25/07/2006,Winter 2006,Blaber,4,386633,5936324,e,slope,1.7,28,16.7,0,0,0,13.3,0,0,0,0,13.3,11.7,15,0,43,0,0,0,845,136,295,1255.632,0,1.58,19.35,6.97,173610,41472
11,25/07/2006,Winter 2006,Blaber,5,386896,5936282,e,slope,5.7,5.7,3.3,0,0,0,45,3.4,0,0,0.7,25,46.7,0,0,3,0,0,0,817,132,283,1254.081,0,1.57,21.66,4.78,172557,38178
12,19/07/2006,Winter 2006,DClark,1,380890,5959540,se,slope,4.3,2.3,0,0,0,0,23.3,0,0,0,10,50,13.3,1.7,6.7,0,0,4,0,613,113,195,1329.516,0.9549364,1.89,15.19,5,175376,38716
13,19/07/2006,Winter 2006,DClark,2,380734,5959474,s,slope,26.7,3.3,0.7,0,0,0,28.3,0,0,0,2.7,31.7,10.7,8.3,0,15,0,0,0,610,113,194,1329.377,1.680303,1.61,14.78,5.13,174645,39072
14,19/07/2006,Winter 2006,DClark,3,381469,5959397,e,slope,11.7,4.3,0.7,1.7,0,0,46.7,0,0,0,1.3,30,8.3,1.7,0,45,0,0,0,607,113,193,1329.361,3.249632,1.87,14.87,5.75,176077,42176
15,19/07/2006,Winter 2006,DClark,4,381024,5959384,s,slope,18.3,2,1.3,10,0,0,25,1,0,0,5,36.7,7.3,0,0,30,0,0,0,610,113,194,1329.267,0,2.1,17.13,5.47,174050,38205
16,19/07/2006,Winter 2006,DClark,5,380890,5959591,se,slope,2,0,0,0,0,0,2.7,0,1,0.7,2.3,33.3,45,15.7,0,0,0,1,0,614,114,195,1329.605,0.8017697,1.88,14.56,5.15,175184,38083
17,19/07/2006,Winter 2006,DClark,6,381203,5959676,e,slope,5,1.7,0,0,0,0,45,0,0,0,1.3,50,6.7,0,0,0,0,4,0,612,113,194,1329.8,2.133055,1.94,18.91,5.56,175945,41303
18,26/07/2006,Winter 2006,Gough,1,358873,5921525,0,crest,6.3,6,1.7,0,0,6.7,15,0,1,0,0,26.7,3.3,40,3.3,0,0,0,0,693,121,228,1252.608,0,2.69,10.11,7.55,176379,46740
19,26/07/2006,Winter 2006,Gough,2,359203,5921862,0,crest,0,26.7,11.7,0,0,0,73.3,0,0,0,1.7,11.7,0,10,0,15,0,0,0,714,124,238,1253.688,0.218655,2.98,12.3,6.1,176857,42839
20,26/07/2006,Winter 2006,Gough,3,358793,5921874,se,slope,4,43.3,28.3,0,0,0,18.3,0,0,0,0,6.7,11.7,0,0,10,0,0,0,679,120,222,1254.431,0,2.82,12.84,8.28,164580,35330
21,26/07/2006,Winter 2006,Gough,4,358452,5921673,n,toe_of_slope,4,16.6,20,0,0,0,27.3,1.7,0,0,31.7,15.7,0,0,16.7,0,15,0,0,670,119,217,1254.271,0.7055123,3,12.39,5.64,175021,44613
22,26/07/2006,Winter 2006,Gough,5,359497,5922192,s,slope,0,29,3.3,0,0,1.7,43.3,1.7,0,0,3,13.3,3.3,15,0,5,0,0,0,710,123,236,1255.265,0,2.9,12.65,5.82,169049,61712
23,26/07/2006,Winter 2006,Gough,6,359480,5955191,n,slope,8.4,36.7,3.3,0,0,0,43.4,0,0,0,1.7,10,3.3,3.3,0,5,0,0,0,540,103,166,1328.118,6.815859,1.51,15.2,5.78,176759,43914
24,26/07/2006,Winter 2006,Gough,7,359428,5921795,s,toe_of_slope,10,24.9,35.1,0,0,0,0,10,0,0,3.3,16.7,0,10,13.3,0,0,0,0,722,125,242,1253.349,0,2.82,11.58,7.05,176665,40941
25,26/07/2006,Winter 2006,Gough,8,358742,5921709,s,slope,3.4,40.1,43,0,0,6.7,13.3,2.3,1.7,0,4,10,6.7,13.3,0,4,0,0,0,692,121,228,1253.774,0,2.8,11.39,8.13,176653,42790
26,26/07/2006,Winter 2006,Gough,9,359198,5921949,s,slope,3.3,48.3,20,3.3,0,0,7.3,0,0,0,3,8.3,1.7,6.7,0,10,0,0,0,714,124,238,1254.109,0.06645038,3.02,12.55,6.23,174657,38850
27,27/07/2006,Winter 2006,Green,1,360032,5871750,n,slope,1.7,8.3,14.3,6.7,0,0,3.3,0,0,0,63.3,0,0.6,7.7,0,47,0,6,0,840,151,255,1153.87,0.1002374,1.58,15.54,7.29,177660,46884
28,27/07/2006,Winter 2006,Green,2,359983,5871719,n,slope,12.6,58.3,2.3,1.7,0,0,11.6,0,0,0,20,0,0.6,5,0,7,0,1,0,847,152,257,1153.465,0.07779115,1.53,15.94,7.02,175872,50966
29,27/07/2006,Winter 2006,Green,3,360061,5871604,e,slope,28.4,10.6,43.4,6.7,0,0,1.7,3.4,0,0,5,0.6,0,0,0,23,0,0,0,877,156,267,1153.418,0,1.39,14.74,6.19,171163,41309
30,27/07/2006,Winter 2006,Green,4,359779,5871566,e,slope,4,21.7,7.3,21.7,0,0,35,0,0,0,11,0.6,6,8.3,0,12,0,0,0,916,161,282,1151.7,0,1.61,14.09,6.89,173083,58557
31,25/07/2006,Winter 2006,Hawkey,1,330170,6010619,0,flat,6.7,0,0,0,0,0,0,0,0,0,53.3,40,0,0,36.7,0,0,0,0,415,88,119,1391.781,8.984084,1.49,17.06,5.4,176433,43265
32,25/07/2006,Winter 2006,Hawkey,2,330187,6010583,0,flat,6.7,0,0,0,0,0,4.3,4.3,0,0,8.3,85,0,0,0,20,0,0,0,416,88,119,1391.742,8.984048,1.52,16.66,5.43,176504,43292
33,25/07/2006,Winter 2006,Hawkey,3,330110,6010544,0,flat,0,0,0,0,0,0,1.7,1.7,0,0,18.3,85,0,0,0,5,0,0,0,415,88,119,1391.674,8.984107,1.5,16.33,5.64,176386,43220
34,25/07/2006,Winter 2006,Hawkey,4,330200,6010497,0,flat,35,1.7,8,0,0,0,0,0,0,0,9,40,0,0,0,0,0,0,0,416,88,119,1391.64,8.983983,1.57,15.74,5.54,176526,43313
35,26/07/2006,Winter 2006,JClark,1,367739,5821489,sw,slope,11.7,0,0.7,0,0,0,4,0,0,0,3.3,46.7,53.3,10.6,20,0,1,1,0,,,,,,,,,,
36,26/07/2006,Winter 2006,JClark,2,368058,5872589,w,slope,4,10,2.3,0,0,0,30,0,0,0,28.3,20,1.7,14,0,0,0,0,0,918,157,289,1146.087,0,1.23,11.61,4.8,154899,19773
37,26/07/2006,Winter 2006,JClark,3,368143,5872626,s,slope,7.3,31.7,3.3,0,0,0,21.7,1.7,0,0,2.3,6.3,56.7,0,0,0,1,0,0,938,160,295,1145.717,0,1.25,12.84,5.15,176358,57979
38,26/07/2006,Winter 2006,JClark,4,368131,5872189,s,slope,0,0,0,0,0,0,13.3,1.3,2.3,0,7.3,18.3,66.7,8.3,68.3,0,1,0,0,912,157,287,1145.456,0,1.64,12.88,5.82,173137,38205
39,26/07/2006,Winter 2006,JClark,5,367696,5872366,nw,slope,2.3,5.6,71.7,0,0,0,18.3,0,0,0,0,4,63.3,4,0,43,0,0,0,851,149,263,1147.578,0,1.07,12.74,6.76,163569,27759
40,26/07/2006,Winter 2006,JClark,6,368650,5872203,w,slope,0,0,36.6,3.3,0,0,70,1.7,0,0,0,10,0,6.7,0,0,0,0,0,,,,,,,,,,
41,26/07/2006,Winter 2006,JClark,7,368188,5872013,se,slope,23.4,4.7,8.3,0,0,0,20,1.7,0,0,0,5,80,1.7,0,19,0,0,0,879,152,274,1145.074,0,1.7,13.3,6.74,149490,20883
42,26/07/2006,Winter 2006,Kellock,1,409176,5987415,n,slope,20,18.4,0,0,0,0,46.7,0,0,0,0,33.3,0,0,0,20,0,0,0,521,107,152,1361.393,0,1.75,11.84,4.3,170755,31967
43,25/07/2006,Winter 2006,Kellock,2,409242,5987228,s,slope,15,0.6,0,0,0,0,43.4,0,0,0,0,46.7,28.3,0,10,0,0,0,0,517,106,152,1361.083,0.7172261,1.57,13.62,4.94,174170,37154
44,25/07/2006,Winter 2006,Kellock,3,408941,5987483,e,slope,12.3,23.3,1,0,0,0,0,0,0,0,35,40,0,0,0,5,78,10,0,524,107,153,1361.967,1.463374,1.6,10.93,4.65,178044,45385
45,26/07/2006,Winter 2006,Kellock,4,409111,5987866,s,slope,16.7,0,3.3,0,0,0,33.4,0,0,0,0,36.7,36.7,0,0,5,0,0,0,523,107,153,1361.939,0,1.82,9.11,7.95,177667,45302
46,25/07/2006,Winter 2006,Kellock,5,409489,5987803,0,crest,8.4,1.7,0,0,0,0,11.7,0,0,0,3.3,63.3,0,20,26.7,0,0,0,0,520,106,152,1361.046,0.1044247,1.89,9.7,5.9,173290,38696
47,25/07/2006,Winter 2006,Kellock,6,408888,5987382,se,slope,16.7,5,1.7,0,0,0,41.7,0,0,0,0.7,41.7,36.7,0,20,0,0,0,0,524,107,153,1361.991,0,1.66,12.11,4.68,177642,42264
48,25/07/2006,Winter 2006,Kellock,7,409174,5987798,s,slope,8.3,7.3,3.3,0,0,0,50,1.7,0,0,1.7,28.3,36.7,20,0,10,0,0,0,525,107,153,1361.739,0,1.73,9.64,6.89,178002,45220
49,25/07/2006,Winter 2006,Kellock,8,408864,5987984,w,slope,20,8.3,0,0,0,0,50,0,0,0,0,30,0,0,0,40,0,0,0,520,106,152,1362.595,2.7696,2.26,11.4,6.27,176018,44747
50,25/07/2006,Winter 2006,Kellock,9,409135,5987761,ne,slope,25,2.3,0,0,0,0,53.3,0,0,0,0,33.3,0,0,0,0,0,0,0,524,107,153,1361.792,0.005813369,1.77,9.73,6.53,176858,43785
51,20/07/2006,Winter 2006,Martin,1,387782,5968745,e,slope,4.4,0.7,0,3.3,0,0,5.7,0,0,0,0,93.3,0,0,0,0,0,0,0,570,111,176,1343.02,5.991364,1.86,16.05,7.01,177343,43301
52,20/07/2006,Winter 2006,Martin,2,388746,5967248,0,flat,5.7,0,0,0,0,0,30,0,1,0,1.7,36.7,43.3,0.7,8.3,0,0,5,0,575,111,178,1341.965,6.789413,2.01,15.88,6.2,176998,43582
53,20/07/2006,Winter 2006,Martin,3,388765,5956890,ne,slope,7.6,1,2.7,0,0,0,70,0,0,0,2,30,30,0,0,20,0,3,0,633,116,203,1328.594,2.843937,0.94,16.89,5.78,177487,43479
54,20/07/2006,Winter 2006,Martin,4,388358,5956799,0,flat,2,2.3,0,0,0,0,38.3,1,0,0,5,21.7,36.7,0,0,5,1,10,0,633,116,203,1328.35,2.638773,1.09,15.8,5.42,177748,43652
55,20/07/2006,Winter 2006,Martin,5,388477,5956640,0,flat,3.7,1,0,0,0,0,60,0,0,0,4,60,11.7,0,0,10,0,0,0,634,116,203,1328.187,2.825684,1.2,16.67,5.36,177922,43637
56,20/07/2006,Winter 2006,Martin,6,388029,5956943,0,flat,3,1,0,0,0,0,23.3,0,0,0,16,15,38.3,3.3,0,10,0,2,0,632,116,203,1328.402,2.990049,1.08,18.19,5.79,177486,44003
57,20/07/2006,Winter 2006,Martin,7,388341,5956084,0,flat,0,0,0,2.3,0,0,5,0,0,0,0,95,8.3,0,38.3,0,0,0,0,636,116,204,1327.442,3.784822,0.96,16.85,4.94,177707,43442
58,20/07/2006,Winter 2006,Martin,8,388423,5956006,se,slope,6.3,1.7,0,0,0,0,83.3,1,0,0,4.7,20,11.7,0,0,50,0,0,0,636,116,204,1327.37,3.851287,0.94,15.77,5.59,177711,43463
59,20/07/2006,Winter 2006,Martin,9,388452,5971319,0,flat,10,0,2.3,0,0,0,31.7,0,0,0,1.7,15,48.3,0,0,31,0,3,0,561,111,172,1343.154,5.991758,1.85,15.89,6.09,177409,43124
60,20/07/2006,Winter 2006,Martin,10,388732,5960630,0,flat,8.3,0,1.7,0,0,0,63.3,0,0,0,18.3,33.3,31.7,0,0,45,0,7,0,607,114,192,1333.745,1.247141,1.49,16.86,4.9,176079,44092
61,20/07/2006,Winter 2006,Martin,11,387873,5957455,e,slope,5,10,0,0,0,0,60,0,0,0,0.7,50,0,0,0,0,1,1,0,629,115,201,1328.975,3.435621,1.17,16.27,5.68,177128,43858
62,18/07/2006,Winter 2006,McCracken,1,358110,5957069,0,flat,16.7,9.1,0,0.3,0,0,8.3,0,1.7,0,12.3,58.3,4,0,0,0,0,0,0,533,102,163,1330.596,7.552374,1.51,15.11,5.94,176776,43653
63,18/07/2006,Winter 2006,McCracken,2,358317,5957468,0,flat,4,0,0,0,0,0,5.7,0,0,0,16.7,66.7,8.3,0,0,0,0,2,0,533,102,163,1331.089,7.558764,1.38,14.65,6.86,176739,43617
64,18/07/2006,Winter 2006,McCracken,3,357720,5957153,0,flat,6.7,1.3,0,0,0,0,36.7,0,0.7,0,45,13.3,10,0,0,10,0,2,0,532,102,162,1330.719,7.602566,1.45,14.86,6.45,176759,43666
65,18/07/2006,Winter 2006,McCracken,4,358331,5957240,0,flat,6.7,0,0,0,0,0,5,0,0,0,40,46.7,4,0,0,0,0,0,0,533,102,163,1330.802,7.539523,1.49,15.5,6.13,176790,43655
66,18/07/2006,Winter 2006,McCracken,5,358632,5957291,0,flat,10,0.7,0,0,0,0,18.3,0,1.7,0,15,76.7,4.3,0,0,0,0,0,0,534,102,163,1330.848,7.507744,1.59,13.06,5.79,176794,43640
67,18/07/2006,Winter 2006,McCracken,6,358145,5957383,0,flat,21.7,10,0,1.7,0,0,16.7,0,0,0,7.7,40,8.3,0,0,0,0,0,0,533,102,163,1330.99,7.571967,1.43,14.61,6.47,176769,43623
68,18/07/2006,Winter 2006,McCracken,7,358137,5957448,0,flat,25,14,0,4,0,0,0,0,0,0,5.7,53.3,1.7,0,0,0,1,0,0,533,102,163,1331.072,7.577585,1.41,14.52,6.55,176860,43806
69,18/07/2006,Winter 2006,McCracken,8,358289,5956904,0,flat,7.6,1,0,0,0,0,16.7,0,20,0,6.7,48.3,5.7,0,0,0,0,1,0,534,102,163,1330.381,7.51786,1.6,15.06,6.01,176813,43717
70,27/07/2006,Winter 2006,Olive,1,377590,5876368,0,flat,13.3,11.4,8.3,0,0,0,8.3,0,0,5,16.7,40,19.7,11.7,0,5,0,0,0,903,150,292,1169.098,0,1.2,14.48,6.56,176700,51068
71,27/07/2006,Winter 2006,Olive,2,377744,5976421,e,slope,3,8.4,2.3,0,0,0,8.3,10,0,5,0,61.7,63.3,5,21.7,0,0,0,0,535,107,162,1348.486,3.412114,1.47,10.82,2.98,176043,42907
72,27/07/2006,Winter 2006,Olive,3,377219,5876496,s,slope,48.3,12.7,45.3,0,0,0,0,6,0,0,0,8.3,46.7,0,0,3,0,0,0,923,153,299,1168.175,0,1.58,13.04,6.31,176244,44868
73,27/07/2006,Winter 2006,Olive,4,377015,5876440,e,slope,15,44,0,0,0,0,30,1.7,0,0,7.3,16.7,6.7,0,0,17,0,0,0,967,158,317,1167.037,0,1.41,13.74,5.91,172278,35910
74,27/07/2006,Winter 2006,Olive,5,377790,5876366,e,slope,40,10,23.3,0,0,0,6.7,1.7,0,3.3,7.3,15,38.3,0,0,28,0,0,0,868,146,279,1169.934,1.911872,1.35,13.77,5.78,176164,43041
75,25/07/2006,Winter 2006,Rokahr,1,387771,5985347,0,flat,NA,NA,NA,NA,NA,NA,NA,NA,NA,NA,NA,NA,NA,NA,NA,0,0,0,0,523,109,155,1362.995,5.944223,1.95,12.65,5.7,176917,43809
76,25/07/2006,Winter 2006,Rokahr,2,388366,5985356,0,flat,45,6.6,3.3,0,0,0,3.3,0,0,0,1.7,46.7,0,0,0,0,0,0,0,523,110,155,1363.188,5.94467,2,11.66,5.33,176972,43903
77,25/07/2006,Winter 2006,Rokahr,3,387809,5985141,0,flat,9,1.7,1.7,0,0,0,26.7,0,0,0,2.3,60,35,0,0,10,0,0,0,523,109,155,1362.76,5.942379,1.9,12.76,5.57,176965,43884
78,25/07/2006,Winter 2006,Rokahr,4,387671,5984967,0,flat,8.3,0,0,0,0,0,1.7,0,0,0,0,100,0,0,0,0,0,0,0,524,109,155,1362.523,5.937742,1.88,14.12,5.69,176996,43916
79,25/07/2006,Winter 2006,Rokahr,5,387695,5985380,0,flat,4,13.3,0,0,0,0,13.3,0,0,0,10,70,0,0,0,2,0,0,0,523,109,155,1363.023,5.943304,1.94,13.36,5.83,176920,43800
80,25/07/2006,Winter 2006,Rokahr,6,387753,5985068,0,flat,3.9,0.6,0,0,0,0,0,0,0,0,30,56.7,0,0.6,0,0,0,0,0,523,109,155,1362.659,5.940495,1.89,14.09,5.63,176987,43904
81,25/07/2006,Winter 2006,Rokahr,7,388043,5985088,0,flat,8.3,0,0,0,1.7,0,13.3,0,0,0,1.3,66.7,33.3,0,0,23,0,0,0,523,109,155,1362.77,5.94552,1.94,13.98,6.57,176966,43914
82,19/07/2006,Winter 2006,Sharrock,1,383318,5955469,nw,slope,1.7,0,0,0,0,0,0,0.3,0,0,28.3,56.7,15,9,0,0,1,1,0,628,114,202,1325.028,0.07511351,1.69,15.22,4.98,174609,41544
83,19/07/2006,Winter 2006,Sharrock,2,383400,5955169,w,slope,5,0.3,0,0,0,0,9.7,0,0,20,30.7,46.7,3.3,2.3,0,0,0,2,0,627,114,201,1324.739,0,1.61,16.73,5.3,175584,41872
84,19/07/2006,Winter 2006,Sharrock,3,383228,5955360,s,slope,13.3,3.6,3.3,10,0,0,36.7,0.7,0,0,4,26.7,23.3,0,0,20,0,0,0,625,114,201,1324.9,0.539486,1.7,15.99,4.85,175448,42180
85,19/07/2006,Winter 2006,Sharrock,4,383368,5955220,w,slope,2.7,0,0,0,0,0,4.7,0,0,0,41.7,30,6.3,16.7,0,0,4,7,0,627,114,201,1324.785,1.421297,1.65,16.94,4.95,175867,42670
86,27/07/2006,Winter 2006,Staff,1,385708,5939744,nw,slope,1,8.3,28.3,41.7,0,0,8.3,0,0,0,2.3,20,0,0,26.7,0,0,0,0,852,137,298,1279.636,0,1.78,18.05,6.3,175642,57061
87,27/07/2006,Winter 2006,Staff,2,386193,5939749,s,slope,1.4,0.3,1,0,0,18.3,27.3,2.3,0,0,0.7,66.7,23.3,11.7,23.3,0,1,21,0,781,129,268,1277.724,0.5566521,2.28,20.44,6.29,174375,45380
88,27/07/2006,Winter 2006,Staff,3,385599,5939313,0,crest,2,9,3,0,0,5,36.7,3.7,0,0,4,23.3,5,23.3,0,0,1,3,0,871,139,306,1277.886,0,1.56,17.36,4.8,179018,45785
89,27/07/2006,Winter 2006,Staff,4,385701,5939171,sw,slope,0,16.4,8.7,0,0,6.7,30,0,0,0,5.7,5,5,28.3,0,10,0,0,0,882,140,310,1276.734,0.09280223,1.66,15.17,5.06,177471,45557
90,27/07/2006,Winter 2006,Staff,5,386179,5939590,n,slope,2.3,16.9,14,0,0,0,23.3,6.7,0,0,0.7,6.7,0,7.3,0,0,9,11,0,803,131,276,1276.933,0,1.94,19.08,5.31,174551,54713
91,27/07/2006,Winter 2006,Staff,6,386037,5939836,n,slope,0.3,18,4,0,0,0,82.4,0,0,0,8,5.7,2.7,1,0,30,0,0,0,787,129,270,1278.805,0,1.99,19.19,5.52,174250,48061
92,27/07/2006,Winter 2006,Staff,7,385604,5939140,e,slope,0.3,6.3,3,0,0,6.7,26.6,0,0,0,10,10,16.7,28.3,0,15,0,12,0,870,139,305,1276.989,0.2863232,1.73,15.32,5.74,168389,33412
93,27/07/2006,Winter 2006,Staff,8,385700,5939655,s,slope,1.3,2.3,3,0,0,0,10,2.4,1.7,0,16.7,40,30,12.3,26.7,0,3,16,0,870,139,305,1279.212,0,1.65,18.12,6.7,177283,57179
94,27/07/2006,Winter 2006,Staff,9,385991,5939583,n,slope,0,14.6,27,0,0,0,3.3,0.7,0,0,5,16.7,2.7,11.3,0,20,0,0,0,822,133,285,1277.661,0,1.63,16.19,6.67,172333,52714
95,27/07/2006,Winter 2006,Stoney,1,410529,5895093,e,slope,1.3,8.6,3.4,0,0,0,15,14.4,0,0,10,53.3,18.3,0,0,0,0,0,0,792,141,253,1193.953,2.853625,1.57,11.53,6.53,177381,44569
96,27/07/2006,Winter 2006,Stoney,2,410683,5895072,e,slope,0,29,21.6,0,0,0,31.7,0.7,0,0,0.7,15,20,5,0,29,0,0,0,793,141,253,1193.921,0.6115812,1.45,12.2,5.99,178350,45795
97,27/07/2006,Winter 2006,Stoney,3,410440,5895054,ne,slope,3.4,7.7,6.7,0,0,0,58.3,3.4,0,0,10,16.7,0,10,0,3,0,0,0,793,141,253,1193.9,0.8457342,1.74,13.14,6.74,177272,44708
98,27/07/2006,Winter 2006,Stoney,4,410545,5895038,e,slope,0,14,15,0,0,0,26,1.7,0,0,0,5.7,46.7,8.3,0,48,0,0,0,793,141,253,1193.876,2.347925,1.47,12.32,6.6,177636,44790
99,27/07/2006,Winter 2006,Stoney,5,410374,5895094,se,slope,16.7,24,29,0,0,0,20,1.7,0,0,5,11.7,0,0,16.7,0,0,0,0,794,141,253,1193.957,0.5204329,1.65,13.69,6.89,177827,46510
100,27/07/2006,Winter 2006,Stoney,6,410210,5895023,e,slope,11.7,26.7,5,0,0,0,43.3,0,0,0,2.3,4.3,6.7,18.3,0,41,0,0,0,794,141,254,1193.863,0,1.84,14.8,7.55,168772,34622
101,27/07/2006,Winter 2006,Stoney,7,410284,5895820,ne,slope,5,25,12.7,0,0,0,1,0,0,0,10,23.3,0,9.3,0,0,0,0,0,798,142,254,1193.942,0,1.77,14.22,7.38,175725,52273
102,24/07/2006,Winter 2006,Taylor,1,389720,5954557,0,flat,2,0,1.3,25,0,0,41.7,0,0,0,17.3,28.3,0,0,0,45,0,0,0,641,116,207,1325.838,5.624444,1.13,16.78,5.23,177182,43587
103,24/07/2006,Winter 2006,Taylor,2,378805,5954456,0,flat,1.3,0,4.3,61.7,0,0,11.7,0,0,0,30,6.7,6.7,0,0,30,0,0,0,605,111,192,1323.155,5.788588,1.36,16.43,5.11,175738,43138
104,24/07/2006,Winter 2006,Taylor,3,389669,5954833,0,flat,4,0,2.3,76.7,0,0,18.3,0,0,0,13.3,11.7,8.3,0,0,25,0,0,0,640,116,206,1326.187,5.439357,1.09,15.52,5.5,177092,43517
105,24/07/2006,Winter 2006,Taylor,4,389746,5954624,0,flat,2.7,0,0,2,0,0,1.7,0,0,0,66.7,5,28.3,0,0,0,0,0,0,641,116,207,1325.931,5.601019,1.08,16.93,5.27,177145,43495
106,24/07/2006,Winter 2006,Taylor,5,389635,5954910,0,flat,1.4,0,0.7,13.3,0,0,3.3,0,0,0,43.3,43.3,1.7,0,0,5,0,0,0,639,116,206,1326.279,4.985059,1.15,16.04,5.19,177138,43604
107,27/07/2006,Winter 2006,Wakefield,1,348307,5874042,nw,slope,21.6,2.3,18.3,6.7,0,0,26.7,0,0,0,3.3,15,15.7,0,0,7,0,0,0,778,144,233,1144.395,0,1.49,14.03,5.87,158653,22953
108,27/07/2006,Winter 2006,Wakefield,2,348206,5874084,s,slope,33.3,0,3.3,48.3,0,0,0,6.7,0,0,0,20,0,0,5,0,0,0,0,793,146,238,1144.583,0,1.59,13.66,6.5,163047,27423
109,27/07/2006,Winter 2006,Wakefield,3,348532,5874001,nw,slope,26.6,0,13.3,3.3,3.3,0,40,0,0,0,0,21.7,0,0,0,11,0,0,0,787,146,236,1144.338,0,1.66,12.92,4.97,174062,47152
110,27/07/2006,Winter 2006,Wakefield,4,348165,5874028,s,slope,33.3,25,3.3,30,0,0,0,0,10,0,0,13.3,0,0,0,4,0,1,0,773,144,230,1144.157,0,1.67,13.59,6.52,151541,18334
111,26/07/2006,Winter 2006,Yorston,1,359010,5894495,nw,slope,0,0,46.7,8.3,0,0,40,0,0,0,5.7,6.7,0,0,0,18,0,0,0,955,158,317,1151.004,0,1.36,17.27,7.65,181545,42584
112,26/07/2006,Winter 2006,Yorston,2,359018,5894606,nw,slope,5,1.7,35,0,0,0,43.3,3.3,0,0,0.7,16.7,2.3,14,0,0,0,0,0,962,158,320,1150.63,0,1.32,17.13,7.35,185782,48797
113,26/07/2006,Winter 2006,Yorston,3,358205,5895793,s,slope,0,13,6.6,30,0,0,43.3,0,0,0,0,18.3,0,0,0,0,0,0,0,843,143,276,1150.362,0,2.5,17.81,8.16,180975,45272
114,26/07/2006,Winter 2006,Yorston,4,358932,5894600,nw,slope,0,13.3,60,38.3,0,0,0,1.7,0,0,1.3,15,0,0,0,36,0,0,0,935,155,310,1151.013,0,1.33,17.21,7.37,180047,45594
115,26/07/2006,Winter 2006,Yorston,5,358861,5894634,w,slope,74,0,8.3,0,0,0,0,0,0,0,1.7,31.6,0,0,0,0,0,0,0,911,152,300,1151.209,0,1.39,17.61,7.43,179079,46465
116,26/07/2006,Winter 2006,Yorston,6,358074,5895284,s,slope,5,11.6,3.3,43.3,0,0,35,3.3,6.7,0,1.7,10,0,0,0,53,0,0,0,842,143,275,1152.5,0,2.03,16.97,7.68,180889,47042
117,26/07/2006,Winter 2006,Yorston,7,357961,5895704,ne,slope,5,28.3,20,0,0,0,20,1.7,0,0,5,13.3,1.7,10,0,22,0,0,0,825,141,270,1151.652,2.681323,2.28,17.21,7.39,180462,45207
118,10/11/2006,Spring 2006,Barlow,1,310059,5935151,e,slope,28.3,0,0,0,0,0,28.3,0.6,0,0,9,25,15,0,0,0,5,0,0,523,105,159,1290.556,3.05829,0.94,13.97,5.95,175646,43654
119,10/11/2006,Spring 2006,Barlow,2,310272,5935064,0,flat,38,1,0,0,0,0,40.1,0,0,0,3.3,13.3,5,0,0,13,3,1,0,522,105,158,1290.195,4.945734,0.98,13.88,5.35,175566,43313
120,10/11/2006,Spring 2006,Barlow,3,310195,5935288,n,slope,5,0.6,0,0,0,0,53.3,0.3,3.3,0,5.7,23.3,8.3,0,0,0,0,7,0,521,105,158,1290.697,4.937902,0.97,13.69,5.06,175802,42670
121,10/11/2006,Spring 2006,Barlow,4,310218,5934982,ne,slope,15.7,0,0.6,0,0,0,34.3,1.2,0,0,4,8.3,38.3,0,0,4,3,12,0,523,105,159,1290.087,4.721462,0.97,14.02,5.69,175197,42262
122,10/11/2006,Spring 2006,Barlow,5,310034,5934700,e,slope,2,0,0,0,0,0,1.3,0,0,0,41.7,3,15,40,0,0,0,0,0,526,106,160,1289.714,4.71474,0.78,14.96,7.7,176267,43380
123,10/11/2006,Spring 2006,Barlow,6,309996,5934758,n,slope,1.3,0,0,0,0,0,9,0,0,0,48.3,37.3,2,5.7,0,2,0,0,0,526,106,160,1289.861,4.749177,0.77,15.11,7.63,176175,43372
124,14/11/2006,Spring 2006,Blaber,1,387003,5936393,e,slope,0,2.3,8.4,0,0,0,50,0,0,1.7,10,20,20,0,0,38,0,0,0,809,131,280,1254.247,0,1.42,22.06,4.92,171307,40207
125,14/11/2006,Spring 2006,Blaber,2,386476,5936219,e,slope,0,0,0,0,0,0,28.3,0,0,0,1.7,71.7,3.3,0,40,0,0,0,0,855,137,299,1255.757,0,1.71,20.96,5.98,172837,38854
126,14/11/2006,Spring 2006,Blaber,3,386827,5936476,e,slope,1.3,0,1.3,0,0,0,38.4,1.7,0,0,10,31.7,18.3,0,0,8,0,0,0,824,133,286,1255.624,0.05506469,1.5,22.64,5.43,173334,47970
127,14/11/2006,Spring 2006,Blaber,4,386616,5936267,e,slope,41.3,8.3,0,3.3,0,0,0,16.1,0,0,5.7,23.3,13.3,0,0,57,0,0,0,845,136,295,1255.364,0,1.65,19.78,6.79,170966,38935
128,14/11/2006,Spring 2006,Blaber,5,386709,5936234,e,slope,4,0,0.3,0,0,0,17.3,3.7,0,3.3,5.7,25,56.7,3.3,0,5,3,10,0,831,134,289,1254.703,0,1.62,21.59,5.97,166572,36004
129,14/11/2006,Spring 2006,DClark,1,380818,5959432,nw,slope,10,1.7,0,0,0,0,23.3,0,0,0,2,20,53.3,5,0,6,0,1,0,609,113,193,1329.317,0.4748655,1.77,16.12,4.66,174217,37706
130,14/11/2006,Spring 2006,DClark,2,381282,5959592,s,slope,60,0,1.7,10,0,0,10,0,0,0,0,15,10,0,0,15,0,0,0,610,113,193,1329.667,1.904616,1.83,19.11,4.68,174770,39668
131,14/11/2006,Spring 2006,DClark,3,381475,5959610,e,slope,26.7,0,0,1.7,0,0,16.7,0,0,0,0,18.3,33.3,5,0,57,0,0,0,609,113,193,1329.728,0,1.69,17.36,5.02,175391,40948
132,14/11/2006,Spring 2006,DClark,4,381423,5959607,e,slope,35,0,0,0,0,0,12.7,0,0,0,1.6,10,56.7,3.3,0,4,0,0,0,610,113,193,1329.715,0.1146546,1.69,17.32,4.85,174971,39876
133,14/11/2006,Spring 2006,DClark,5,381170,5959382,s,slope,28,0,0,0,0,0,48.3,0,0,0,0,10,31.7,4,0,30,0,0,0,611,113,194,1329.287,0,2.18,16.61,5.08,173579,38655
134,14/11/2006,Spring 2006,DClark,6,381127,5959717,e,slope,30,6.7,0,0.7,0,0,28.3,0,6.7,0,4,10,13.3,0,0,28,0,0,0,614,114,195,1329.859,0.1437051,1.95,17.64,5.38,176879,43794
135,4/11/2006,Spring 2006,Gough,1,358522,5921752,s,slope,31.8,7.3,0,0,0,5,28.3,0,0,0,5,18.3,10,11.7,0,6,0,0,0,674,119,220,1254.473,0,2.93,12.06,6.26,172881,40076
136,4/11/2006,Spring 2006,Gough,2,359520,5922135,s,slope,23,14.9,2,0,0,13.3,8.3,5.7,8.3,0,4,10,20,20,0,15,0,0,0,717,124,239,1254.987,0,2.9,12.8,5.75,168399,59078
137,4/11/2006,Spring 2006,Gough,3,359300,5922200,n,slope,14.7,4,0,0,0,0,21.7,0,8.3,0,3.3,38.3,0,21.7,20,0,0,0,0,715,124,238,1255.317,0,3.12,12.85,6.31,167998,59837
138,4/11/2006,Spring 2006,Gough,4,359438,5922192,n,slope,20,3.3,6.7,0,0,0,16.7,0,0,0,0,46.7,0,20,13.3,0,0,0,0,704,123,233,1255.269,0,2.96,12.58,6.01,173005,57424
139,4/11/2006,Spring 2006,Gough,5,359347,5922100,n,slope,36.7,6.7,0,0,0,0,5,0,3.3,0,5,26.7,0,13.3,0,2,0,0,0,718,124,240,1254.83,0,3.02,12.5,6.22,174754,43788
140,4/11/2006,Spring 2006,Gough,6,358918,5921920,s,slope,14.3,23.4,0.6,2.3,0,6.7,16.7,0,3.3,0,1.7,23.3,6.7,6.7,20,0,0,0,0,700,122,232,1254.37,0,2.79,12.97,7.65,172551,40892
141,4/11/2006,Spring 2006,Gough,7,358450,5921800,nw,slope,31.3,20,0,0,0,5,30,0,5,0,7.3,26.7,0,0,0,3,0,0,0,665,118,216,1254.856,0,2.84,12.51,6.03,173541,47573
142,4/11/2006,Spring 2006,Gough,8,358586,5921710,nw,slope,19,20,0,0.7,0,0,13.3,0,1.7,0,0,30,0,23.3,56.7,0,7,4,0,677,120,221,1254.135,0,2.94,11.74,6.74,169317,37309
143,4/11/2006,Spring 2006,Gough,9,358789,5921914,n,toe_of_slope,76,11.7,2.3,0,0,0,6.7,0,0,0,0,16.6,0,0,0,1,0,3,0,679,120,221,1254.627,0,2.87,13,8,157050,29714
144,7/12/2006,Spring 2006,Green,1,359810,5871505,w,slope,11.7,0,3.3,0,0,0,3,0,3.3,0,20,4,0,53.3,0,0,2,1,0,920,162,283,1151.623,0,1.47,14.17,6.61,173510,55508
145,7/12/2006,Spring 2006,Green,2,359692,5871634,n,slope,62.4,4,0.6,0,0,0,3.3,3.3,0,0,8.3,13.3,0,0,0,60,0,0,0,919,162,283,1151.493,0,1.6,15.84,7.35,168587,43214
146,7/12/2006,Spring 2006,Green,3,359865,5871733,s,slope,40.7,1.7,10,0,0,0,13.3,5,3.3,0,11.7,10,0,0,0,50,0,0,0,864,154,263,1152.862,0,1.48,17.23,7.1,169247,40245
147,7/12/2006,Spring 2006,Green,4,359972,5871655,w,slope,21.7,1.7,3.4,0,0,0,8,1.7,0,0,40,3,3.3,20,0,0,0,1,0,876,156,267,1153.137,0,1.53,15.55,6.62,166295,63248
148,10/11/2006,Spring 2006,Hawkey,1,330118,6010800,0,flat,1,6.7,0,8.3,0,0,0,0,0,0,0,91.6,0,0,20,0,0,0,0,415,88,119,1391.988,8.984232,1.4,17.81,4.93,176368,43249
149,10/11/2006,Spring 2006,Hawkey,2,330540,6010844,0,flat,33.3,0,10,6.7,0,0,0,0,0,0,0,41.7,11.7,0,0,4,0,0,0,416,88,120,1392.157,8.984145,1.71,16.87,6.75,176862,43592
150,10/11/2006,Spring 2006,Hawkey,3,330210,6010800,0,flat,5.7,16.7,0,5,0,0,0,3.3,0,0,5,68.3,0,1.7,0,18.3,0,0,0,416,88,119,1392.013,8.984159,1.42,17.72,5.01,176557,43368
151,10/11/2006,Spring 2006,Hawkey,4,330125,6010555,0,flat,58.3,0,0,25,0,0,0,0,0,0,13.3,8.3,0,0,0,5,0,9,0,415,88,119,1391.691,8.984097,1.5,16.42,5.6,176396,43234
152,7/12/2006,Spring 2006,JClark,1,367727,5872320,s,slope,66.6,0,0,0,0,0,0,0,0,0,0,36.7,11.7,0,15,0,0,0,0,839,147,258,1147.395,0.5408093,1.16,12.41,6.21,169244,33750
153,7/12/2006,Spring 2006,JClark,2,367851,5872147,nw,slope,0,0,0.7,0,0,0,4.7,0,0,0,15,3,63.3,15,0,3,0,0,0,849,149,262,1146.684,0,1.64,12.09,5.79,169281,55015
154,7/12/2006,Spring 2006,JClark,3,367744,5871824,w,slope,0,0,0,0,0,0,8.3,0,1.7,0,38.3,21.7,23.3,13.3,10,0,0,0,0,830,146,254,1146.879,0.3346741,1.75,13.58,6.52,172547,38679
155,7/12/2006,Spring 2006,JClark,4,367758,5872628,sw,slope,11.4,6.7,5,0,0,0,5,0.6,0,0,0,30,60,0,23.3,0,0,0,0,938,160,296,1147.522,0,1.43,12.93,6.99,147537,15642
156,7/12/2006,Spring 2006,JClark,5,367896,5872741,sw,slope,19.9,20,28.3,0,0,0,0,0,0,0,0,50,0,0,26.7,0,0,0,0,940,161,297,1146.967,0,1.38,12.16,7.15,176081,58613
157,7/12/2006,Spring 2006,JClark,6,367856,5872020,sw,slope,66.6,1.7,3.3,0,0,0,0,1.7,0,0,1.7,20,0,0,0,5,0,0,0,845,148,260,1146.554,0,1.67,10.14,6.57,167397,35501
158,7/12/2006,Spring 2006,JClark,7,367778,5872782,nw,slope,5.7,0,0,0,0,0,2,0,2.7,0,8.3,63.3,21.7,23.3,10,0,0,0,0,940,161,297,1147.561,0,1.57,13.19,7.5,174050,52320
159,10/11/2006,Spring 2006,Kellock,1,408962,5987848,w,slope,9,0,0,0,0,0,71.7,0,0,0,0,36.7,10,0,0,7,0,0,0,521,107,153,1362.253,0.7304451,1.91,10.36,7.09,176172,44339
160,10/11/2006,Spring 2006,Kellock,2,408982,5987800,w,slope,24,1.7,0,0,0,0,6.7,0,0,0,0,61.7,0,10,0,10,0,0,0,521,107,153,1362.165,0.9040246,1.87,10.14,6.86,176442,44176
161,10/11/2006,Spring 2006,Kellock,3,408906,5987971,nw,slope,8.6,0,0,0,0,0,5,0,0,0,0,93.3,0,0,51.7,0,0,0,0,520,106,152,1362.49,1.625703,2.22,11.2,6.48,176099,44930
162,10/11/2006,Spring 2006,Kellock,4,409200,5987674,w,slope,36.4,0,0,0,0,0,0,0,0,0,31.7,36.7,0,3.3,0,0,0,0,0,525,107,153,1361.571,1.294694,1.73,10.75,5.25,177504,43716
163,10/11/2006,Spring 2006,Kellock,5,409590,5987976,w,slope,5,1.7,0,0,0,0,33.3,0,0,0,0,30,33.3,28.3,0,3,0,0,0,521,107,152,1360.971,0.04744754,1.89,10.12,4.03,175851,41605
164,10/11/2006,Spring 2006,Kellock,6,409400,5897800,w,slope,5,0,0,0,0,0,0,0,0,0,0,53.3,41.7,43.3,0,0,0,0,0,811,144,259,1197.848,0,1.44,16.55,7.24,167982,30181
165,10/11/2006,Spring 2006,Kellock,7,409486,5897651,e,slope,55,0,0,0,0,0,25,1.3,0,0,0.7,20,0,0,0,3,9,3,0,807,144,258,1197.491,0,1.53,15.78,6.78,170180,33928
166,10/11/2006,Spring 2006,Kellock,8,409448,5987674,e,slope,36.7,0,0,0,0,0,21.7,0,0,0,0,38.3,0,0,0,0,0,0,0,521,107,152,1361.025,0,1.64,9.95,7.12,174896,41668
167,10/11/2006,Spring 2006,Kellock,9,409415,5897238,s,slope,13.3,0,0,0,0,0,53.3,0,0,0,2.3,33.3,0,0,0,15,0,0,0,790,141,250,1197.114,0.1207462,1.77,14.68,6.87,174415,37252
168,14/11/2006,Spring 2006,Martin,1,388520,5956821,e,slope,33.4,0.7,0,3.3,0,0,23.3,0,0,0,9,31.7,0.7,0,0,13,0,0,0,633,116,203,1328.43,2.86717,1.09,15.24,5.7,177743,43618
169,14/11/2006,Spring 2006,Martin,2,388687,5956216,0,flat,1.7,0,0,0.7,0,0,8.3,0,0,0,5,85,0,0,20,0,0,0,0,635,116,204,1327.712,3.811831,1.06,15.95,5.25,177718,43459
170,14/11/2006,Spring 2006,Martin,3,388546,5957092,ne,slope,5.7,0,0,4.7,0,0,4,0,0,0,1.7,85,0,0,20,0,0,0,0,632,116,203,1328.781,3.797176,1.05,15.89,5.91,177598,44120
171,14/11/2006,Spring 2006,Martin,4,388492,5957106,ne,slope,15.7,0,0,1.7,0,0,40,0,0,0,5,31.7,20,1.7,0,9,0,0,0,632,116,203,1328.782,3.777952,1.05,16.22,5.83,177754,44386
172,14/11/2006,Spring 2006,Martin,5,388421,5956882,e,slope,41.7,2.3,0,0.7,0,0,36.7,0,0,0,4,15,6.7,1.7,0,11,0,0,0,633,116,203,1328.476,2.685053,1.02,14.81,5.66,177688,43674
173,14/11/2006,Spring 2006,Martin,6,388049,5957051,w,slope,36.7,0,0,1.7,0,0,31.7,0,0,0,10,11.7,11.7,1,0,42,0,3,0,631,116,202,1328.545,2.986302,1.22,17.01,5.82,176477,43241
174,14/11/2006,Spring 2006,Martin,7,388197,5956382,s,slope,33.3,0,0,1.7,0,0,30,0,0,0,8.3,28.3,5,0,0,3.5,0,0,0,635,116,204,1327.765,0,1.05,16.58,6.26,177715,43372
175,14/11/2006,Spring 2006,Martin,8,388066,5956555,n,slope,25,1.7,0,0,0,0,38.3,0,0,0,6.7,11.7,10,0,0,15,0,17,0,635,116,204,1327.932,0,1.07,16.25,5.39,177688,43623
176,14/11/2006,Spring 2006,Martin,9,387869,5957408,s,slope,43.3,0,0,0,0,0,40,0,5,0,1.3,16.7,1.7,0,0,15,1,5,0,629,115,201,1328.915,3.448325,1.19,16.08,5.51,176933,43702
177,14/11/2006,Spring 2006,Martin,10,388607,5957201,0,flat,3.3,0,0,0,0,0,18.3,0,0,0,5,45,30,0,1.7,0,0,3,0,631,116,202,1328.94,3.936161,1,16.03,5.81,176822,44369
178,14/11/2006,Spring 2006,Martin,11,388372,5956855,0,flat,6.3,4,0,1.3,0,0,33.4,0,0,0,10,48.3,15,0,0,11,2,0,0,633,116,203,1328.426,2.728958,1.07,15.12,5.54,177734,43670
179,11/11/2006,Spring 2006,McCracken,1,358300,5956890,0,flat,11.3,0,0,4,0,0,0,0,0.7,0,5,85,0,0,0,0,0,0,0,534,102,163,1330.363,7.515372,1.6,15.02,6.06,176813,43717
180,11/11/2006,Spring 2006,McCracken,2,358234,5957048,0,flat,8,0,0,1,0,0,0,0,0,0,8.3,86.7,0,0,0,0,0,10,0,533,102,163,1330.564,7.536016,1.54,15.49,5.92,176782,43658
181,11/11/2006,Spring 2006,McCracken,3,357793,5957607,0,flat,4,0,0,0,0,0,2.7,0,0,0,3,92.3,0,0,25,0,0,0,0,531,102,162,1331.287,7.625347,1.31,14.38,5.94,176795,43683
182,11/11/2006,Spring 2006,McCracken,4,358169,5957394,0,flat,26.6,0.7,0,3,0,0,0.7,0,13,0,5,70,0,0,0,2.5,0,0,0,533,102,163,1331.003,7.570063,1.42,14.72,6.57,176807,43699
183,11/11/2006,Spring 2006,McCracken,5,357759,5967289,0,flat,20.1,0,0,0,0,0,3.3,0,0.7,0,18.3,65,0,0,0,3,0,0,0,514,101,155,1342.489,7.892406,1.39,13.54,5.18,176940,43677
184,11/11/2006,Spring 2006,McCracken,6,358071,5957400,0,flat,28.3,0.7,0,2.3,0,0,13.3,0.6,1.7,0,8.3,46.7,0,0,0,2,0,0,0,532,102,162,1331.014,7.581505,1.45,14.33,6.27,176773,43621
185,11/11/2006,Spring 2006,McCracken,7,357800,5957608,0,flat,3,0,0,0.3,0,0,1,0,1,0,23.3,81.7,0,0,46.7,0,0,0,0,531,102,162,1331.288,7.624695,1.31,14.35,5.96,176795,43683
186,11/11/2006,Spring 2006,McCracken,8,358358,5957156,0,flat,8,1.7,0,3,0,0,3.3,0,0.7,0,5.7,80,0,0,0,17,0,0,0,533,102,163,1330.695,7.529678,1.52,15.24,5.94,176784,43641
187,6/12/2006,Spring 2006,Olive,1,377201,5876434,s,slope,19,8.9,4.9,1.6,0,0,11.7,3.3,0,0,7,36.7,41.7,0,0,0,0,0,0,936,154,305,1167.787,0,1.69,12.61,6.26,176190,52573
188,6/12/2006,Spring 2006,Olive,2,377301,5876368,s,slope,6.7,1.6,14.9,0,0,0,20,8,0,2.7,0,56.7,40,0,0,2,0,0,0,926,153,301,1167.877,0,1.32,13.32,5.81,172897,53028
189,6/12/2006,Spring 2006,Olive,3,377707,5876436,s,slope,50,13,30,1.6,0,0,5,7,0,0,1.6,20,26.7,0,0,5,0,0,0,875,147,281,1169.924,1.57803,1.51,14.37,6.3,176526,43941
190,6/12/2006,Spring 2006,Olive,4,377587,5876420,n,slope,40,10,26.7,0,0,0,13.3,5,0,0,10,15,31.7,0,0,23,0,0,0,896,150,289,1169.341,0,1.22,14.51,6.48,177489,51340
191,6/12/2006,Spring 2006,Olive,5,377862,5876384,0,flat,20,15.7,0,0,0,0,33.4,1.6,0,0,2,6.7,10,0,0,15,0,0,0,866,146,278,1170.326,1.127135,1.31,12.77,5.52,175761,43133
192,10/11/2006,Spring 2006,Rokahr,1,387721,5985370,0,flat,3,0,0,0,0,0,5.7,0,0,0,46.7,46.7,0,0,0,2,0,0,0,523,109,155,1363.015,5.943637,1.94,12.95,5.79,176922,43801
193,10/11/2006,Spring 2006,Rokahr,2,388091,5985252,0,flat,4,0,0,0,0,0,3.3,0,0,0,7.3,88.3,0,0,0,0,0,0,0,523,109,155,1362.98,5.946995,1.87,13.12,6.77,176990,43881
194,10/11/2006,Spring 2006,Rokahr,3,387748,5985167,0,flat,3,0,0,0,0,0,5.7,0,0,0,10,83.3,0,0,0,0,0,0,0,523,109,155,1362.776,5.941662,1.93,13.86,5.6,176919,43859
195,10/11/2006,Spring 2006,Rokahr,4,387820,5985032,0,flat,4.3,0,0,0,0,0,4,0,0,0,6.3,86.7,0,0,0,5,0,0,0,523,109,155,1362.633,5.941177,1.88,12.08,5.76,176988,43915
196,10/11/2006,Spring 2006,Rokahr,5,388153,5985361,0,flat,17,0,0,0,0,0,0,0,0,0,4.7,76.7,0,0,0,10,0,0,0,523,110,155,1363.129,5.94741,1.91,11.64,6.03,176944,43869
197,10/11/2006,Spring 2006,Rokahr,6,388279,5985364,0,flat,2.3,0,0,0,0,0,5.7,0,0,0,50.7,41.7,0,0,0,0,0,0,0,523,110,155,1363.171,5.945867,2.07,12.02,5.4,176971,43889
198,10/11/2006,Spring 2006,Rokahr,7,387900,5985208,0,flat,3.3,0,0,0,0,0,4,0,0,0,61.7,35,0,0,0,5,0,0,0,523,109,155,1362.868,5.944719,1.96,12.58,5.69,176947,43866
199,14/11/2006,Spring 2006,Sharrock,1,383259,5955400,w,slope,0.7,0,0,0,0,0,0.7,0,0,0,81.7,5,11.7,5,0,0,15,6,0,626,114,201,1324.947,0.1809234,1.73,15.28,4.85,175274,41515
200,14/11/2006,Spring 2006,Sharrock,2,383454,5955569,w,slope,1,0,0,0,0,0,1.3,0,0,0,55,33.3,13.3,3,0,0,2,0,0,633,115,204,1325.164,0.3094716,1.34,17.68,5.48,177690,45077
201,14/11/2006,Spring 2006,Sharrock,3,383340,5955291,nw,slope,2,0,0,0,0,0,3,0,0,0,43.3,9,30,7.3,0,1,0,1,0,627,114,201,1324.851,1.833786,1.72,16.63,4.72,175186,41570
202,14/11/2006,Spring 2006,Sharrock,4,383247,5955254,nw,slope,19,3,0,15,0,0,6.3,0,0,0,5,11.7,33.3,4,0,3,0,0,0,625,114,200,1324.796,1.541739,1.73,16.79,4.94,174803,41550
203,15/11/2006,Spring 2006,Staff,1,386235,5939864,nw,toe_of_slope,27.4,0,9,0,0,0,6.7,0,0,0,8.3,51.7,0,0,30,0,0,0,0,775,128,265,1278.171,1.331807,2.23,20.03,6.9,176835,46410
204,15/11/2006,Spring 2006,Staff,2,385538,5939237,0,toe_of_slope,45,16.6,0,0,0,0,3.3,0,5,0,0.7,30,0,0,0,5,0,0,0,861,138,301,1277.758,0,1.63,16.92,5.28,177991,43335
205,15/11/2006,Spring 2006,Staff,3,385896,5939852,n,slope,0.7,0,6.7,0,0,0,6.7,0,0,0,10,7.5,0,6.7,20,0,0,0,0,811,132,280,1279.447,0,1.73,16.56,6.74,171950,56384
206,15/11/2006,Spring 2006,Staff,4,386127,5939821,n,slope,45.7,6.6,6.7,0,3.3,0,10,5,0,0,0.7,28.3,10,1.7,0,25,0,0,0,782,129,268,1278.37,0,2.2,19.76,6,177432,51781
207,15/11/2006,Spring 2006,Staff,5,386035,5939347,s,slope,3,9.3,1.7,0,0,0,9.7,0,0.7,0,15,51.6,2,8.3,0,2,0,0,0,844,136,294,1276.24,0,1.78,13.71,6.49,176433,53847
208,15/11/2006,Spring 2006,Staff,6,386001,5939715,n,slope,0,0.7,5,0,0,0,12.3,0,0,0,35,26.7,0,10,0,2,0,0,0,810,132,280,1278.313,0,1.72,16.57,5.85,172589,54698
209,15/11/2006,Spring 2006,Staff,7,386055,5939675,n,slope,12,17.4,15.4,0,0,0,15,0,0,0,6.7,26.7,0,18.3,0,48,0,0,0,803,131,276,1277.885,0,1.82,17.19,5.83,161353,40016
210,15/11/2006,Spring 2006,Staff,8,385443,5939855,e,slope,1.3,14.4,2.3,0,0,0,35,1.7,0,0,8.3,13.3,25,16.7,0,2,0,16,0,855,137,299,1281.249,0.153475,1.73,19.36,5.65,180995,47558
211,15/11/2006,Spring 2006,Staff,9,385751,5939665,s,slope,3,13.7,1.7,0,0,0,25,0,0,0,15,21.7,9,11.7,0,5,1,0,0,861,138,301,1279.058,0,1.66,17.09,6.91,177665,54927
212,8/12/2006,Spring 2006,Stoney,1,410616,5899138,e,slope,25.7,5.3,21.6,0,0,0,8.3,0,0,0,18.3,4,13.3,5.7,0,0,0,0,0,880,151,287,1199.773,0,1.97,15.93,6.87,147636,23333
213,8/12/2006,Spring 2006,Stoney,2,410623,5899408,e,slope,24.6,8.6,4,9,0,0,8.3,0,0,0,13.3,4,10,1.7,0,50,0,0,0,887,152,289,1200.248,0,2.49,18.64,6.84,165767,41935
214,8/12/2006,Spring 2006,Stoney,3,410572,5898758,e,slope,25.2,14,4,4,0,0,5,0,1.6,0,0,5,15,20,0,30,0,0,0,834,147,268,1199.157,0,1.78,17.36,6.76,174380,42939
215,8/12/2006,Spring 2006,Stoney,4,410582,5899104,e,slope,37.8,13.9,2,6.7,0,0,6.3,3.3,0,0,0,5,6.7,13.3,0,16,0,0,0,868,150,282,1199.696,0,1.97,16.17,6.88,147465,16000
216,8/12/2006,Spring 2006,Stoney,5,410409,5899351,e,slope,13.1,6.6,5.6,6.6,0,0,13.3,9.9,1.3,0,8.3,10,8.3,3.3,0,22,0,0,0,953,158,317,1200.034,0,2.32,21.18,7.81,177424,51313
217,8/12/2006,Spring 2006,Stoney,6,410382,5899190,e,slope,15,20,11.7,0,0,0,25,4.3,0,0,6.7,20,3.3,16.7,0,0,0,0,0,955,158,318,1199.739,0,2.38,17.41,7.72,159069,29920
218,8/12/2006,Spring 2006,Stoney,7,410500,5899179,0,crest,16.7,11.7,28.3,0,0,0,18.3,2.7,0,0,5,15,0,1.6,0,15,0,0,0,901,154,295,1199.783,0,2.21,17.75,7.27,146485,15560
219,14/10/2006,Spring 2006,Taylor,1,389718,5954830,0,flat,0,0,0,0.7,0,0,0,0,0,0,78,22,0,0,0,2,0,0,0,640,116,206,1326.194,5.466786,1.08,15.35,5.57,177126,43510
220,14/10/2006,Spring 2006,Taylor,2,389698,5954770,0,flat,7.4,0,0,24,0,0,0,0,0,0,38.3,32.7,0,0,0,0,0,0,0,640,116,206,1326.111,5.492534,1.04,15.87,5.65,177061,43468
221,14/10/2006,Spring 2006,Taylor,3,389775,5954594,0,flat,7.3,0,0,8,0,0,0,0,0,0,21.7,65,0,0,0,5,0,0,0,641,116,207,1325.899,5.630355,1.08,17.02,5.04,177192,43500
222,14/10/2006,Spring 2006,Taylor,4,389817,5954875,0,flat,0,0,0,0.7,0,0,0,0,0,0,88.3,11,0,0,0,1,0,0,0,640,116,206,1326.277,5.488222,1.08,15.98,5.62,177238,43574
223,14/10/2006,Spring 2006,Taylor,5,389750,5954882,0,flat,0.7,0,0,0,0,0,0.7,0,0,0,96.7,2.3,0.7,0,0,5,0,0,0,639,116,206,1326.27,5.450938,1.1,15.15,5.56,177197,43572
224,7/12/2006,Spring 2006,Wakefield,1,348305,5873844,s,slope,53.4,9,0,11.7,0,0,16.6,0,0,0,0,16.7,0,0,0,35,0,0,0,765,143,228,1143.03,0,1.63,14.09,5.92,176651,49007
225,7/12/2006,Spring 2006,Wakefield,2,348562,5874018,n,toe_of_slope,15,15,11.6,7.3,0,0,3.3,0,0,0,1.7,38.3,0,5,63.3,0,2,3,0,788,146,236,1144.485,0,1.67,12.83,5.12,169557,35712
226,7/12/2006,Spring 2006,Wakefield,3,348253,5879750,s,slope,40,2.4,5,1.7,0,0,0,0,0,0,21.7,33.3,0,5,43.3,0,0,0,0,756,139,231,1180.585,0,1.93,13.55,5.68,176062,55197
227,7/12/2006,Spring 2006,Wakefield,4,348391,5873773,s,slope,29.1,11.7,1.7,10.7,0,0,6.6,1.7,3.3,0,0,50,23.3,0,23.3,0,0,0,0,777,144,232,1142.626,0,1.66,13.59,5.88,169346,41053
228,17/11/2006,Spring 2006,Yorston,1,358010,5895886,w,slope,15,45,0,33.4,0,0,0,0,0,0,1.7,5.7,0,0,0,11,0,0,0,830,142,271,1150.878,0.1754847,2.33,15.99,7.15,179689,44759
229,17/11/2006,Spring 2006,Yorston,2,358179,5895876,w,slope,35,16.6,7.3,26.7,0,0,0,0,0,0,2,11.7,0,0,0,27,0,0,0,841,143,275,1150.21,0,2.61,18.09,8.99,182686,48574
230,17/11/2006,Spring 2006,Yorston,3,358917,5894850,w,slope,31.6,10.1,3.4,0,0,0,26.7,0,0,0,2.3,15,6.7,8.3,0,5,0,0,0,916,153,303,1150.307,0,1.62,16.4,6.57,185139,53240
231,17/11/2006,Spring 2006,Yorston,4,359133,5894764,e,slope,25,10.7,2,0,0,0,15,0,0,0,0,53.3,0,0,0,3,0,0,0,950,157,316,1149.66,0,1.48,16.56,6.04,182485,52192
232,17/11/2006,Spring 2006,Yorston,5,358252,5895592,se,slope,56.7,21.7,3.3,10,0,0,6.7,1.7,0,0,0,6.7,0,3.3,10,0,1,0,0,843,143,276,1150.794,0.7333728,2.33,17.24,6.76,181204,46178
233,17/11/2006,Spring 2006,Yorston,6,357950,5895426,e,slope,11.7,0,0,23.3,0,0,6.7,0,0,0,3.3,66.7,0,0,0,0,0,0,0,833,142,273,1152.572,1.75583,1.95,16.82,7.88,181060,45969
234,17/11/2006,Spring 2006,Yorston,7,358099,5898520,s,slope,38.3,10,20,2.3,0,0,6.7,0,0,0,8.3,18.3,0,0,0,2,0,0,0,806,138,264,1147.758,0,2.32,12.77,6.24,176593,54664
235,19/04/2007,Autumn 2007,Barlow,1,310163,5935181,e,slope,0,0,0,0,0,0,16.7,0,0,0,41.7,24,18.3,0,0,46,3,4,0,525,106,159,1290.293,4.457579,0.89,14.97,7.15,175714,43000
236,19/04/2007,Autumn 2007,Barlow,2,310038,5935014,s,slope,0,0,0,0,0,0,0,0,0,0,16.7,83.3,0,0,56.7,0,0,0,0,526,106,160,1290.11,4.670123,0.99,14.59,6.76,176053,43324
237,19/04/2007,Autumn 2007,Barlow,3,310122,5934637,0,flat,1,5,0,0,0,0,15,0,0,0,2,15.7,80,0,0,3,0,5,0,526,106,160,1289.37,2.859134,0.89,14.02,6.42,175513,43134
238,19/04/2007,Autumn 2007,Barlow,4,310161,5934480,0,crest,0.3,1,0,0,0,0,19.3,1.7,0,0,60,4.7,10,5,0,0,0,0,0,526,106,160,1288.884,2.603465,0.79,14.26,7.6,176000,43206
239,19/04/2007,Autumn 2007,Barlow,5,310266,5934597,se,slope,0,0,0,0,0,0,0,0,0,0,10,90,0,0,30,38,0,0,0,525,106,159,1289.029,4.47729,0.78,14.07,7.58,175712,43398
240,19/04/2007,Autumn 2007,Barlow,6,310280,5935010,0,flat,0.7,0,0,0,0,0,9,0,0,0,3.3,45,56.7,0,15,0,2,1,0,526,106,160,1289.81,0,0.9,14.76,6.78,176615,44179
241,17/04/2007,Autumn 2007,Blaber,1,386272,5936457,e,slope,11.7,0,0,0,0,0,0,3.7,0,0,0,80,0,11.7,53.3,0,0,6,0,857,137,301,1255.407,0.1053741,2.13,21.15,6.56,173337,38411
242,17/04/2007,Autumn 2007,Blaber,2,387031,5936429,e,slope,3.1,0.2,0,5.5,0,0,0.7,4.7,0,0,40.7,9,35,3.3,0,1,0,1,11,818,132,284,1254.136,0,1.58,22.3,4.81,172374,37911
243,17/04/2007,Autumn 2007,Blaber,3,386358,5936349,e,slope,4.3,0,0,0.3,0,0,2,6,0,0,25.7,33.3,31.7,6.7,3.3,0,3,12,0,855,137,300,1256.541,0,2.15,22.46,5.48,172415,35613
244,17/04/2007,Autumn 2007,Blaber,4,386353,5936444,e,slope,31.7,0,0,2,0,0,1.7,9,0,0,0,63.3,26.7,0,0,2,0,11,0,855,136,299,1257.371,0,1.92,22.6,5.78,166796,30716
245,17/04/2007,Autumn 2007,Blaber,5,386675,5936398,e,slope,12.3,0,0,0.7,0,0,0,4,0,0,0,95,0,0,20,0,0,1,1,846,136,295,1255.289,0,1.71,20.42,6.55,168397,32983
246,17/04/2007,Autumn 2007,DClark,1,381391,5959468,s,slope,6.7,6,0,0,0,0,0,0,0,0,3,87.3,26.7,3.3,0,11,0,0,0,608,113,193,1329.291,2.745236,1.82,14.91,4.68,175902,42416
247,17/04/2007,Autumn 2007,DClark,2,380947,5959427,0,flat,0,0,0,0,0,0,5,0,0,0,0,96.7,5,0,0,0,1,2,12,609,113,193,1329.052,2.812798,1.75,16.69,4.92,176951,42674
248,17/04/2007,Autumn 2007,DClark,3,381324,5959557,0,flat,2,8,21.7,6.7,0,0,0,0,0,0,7,55,21.7,0,0,57,0,0,0,609,113,193,1329.584,1.947984,1.82,18.24,4.35,174707,40527
249,17/04/2007,Autumn 2007,DClark,4,380756,5959400,e,slope,0,5.3,0,0,0,0,0,1.7,0,0,0,93.3,0,15,0,13,0,0,0,610,113,194,1329.232,2.738029,1.47,15.19,4.69,176425,42082
250,17/04/2007,Autumn 2007,DClark,5,381203,5959726,s,slope,0,1.3,0,0,0,0,10,0,0,0,4.3,48.4,30,5,0,0,0,0,0,614,114,195,1329.78,0.5070373,1.94,17.6,5.45,176030,42076
251,17/04/2007,Autumn 2007,DClark,6,381236,5959842,e,slope,0,15,0,0,0,0,0,0,0,0,20,81.7,25,8.3,0,14,0,0,0,614,113,195,1329.503,0,2.05,16.94,5.71,177070,41343
252,11/05/2007,Autumn 2007,Gough,1,358852,5922153,ne,slope,18.3,20,0,0,0,0,0,0,0,0,10,53.3,0,15,0,3,0,0,0,675,119,220,1254.846,0,2.96,12.87,7.7,158842,30788
253,11/05/2007,Autumn 2007,Gough,2,358780,5921624,sw,slope,11.7,18.3,0,1.7,0,0,0,3.3,0,0,0,66.7,0,0,28.3,,0,0,0,677,120,221,1253.31,1.547766,2.9,11.79,6.25,174403,41456
254,11/05/2007,Autumn 2007,Gough,3,359071,5921886,sw,slope,4.3,10.3,0,2,0,0,10,3,0,0,0,90,0,1.7,0,6,0,0,0,695,122,229,1253.082,0,2.68,11.06,7.92,178025,52468
255,11/05/2007,Autumn 2007,Gough,4,358661,5921880,s,slope,4,21.7,0,1.7,0,8.3,5,0,6.7,0,0,10,15,28.3,0,10,0,0,0,666,118,216,1254.518,0,2.92,12.37,5.77,173597,42124
256,11/05/2007,Autumn 2007,Gough,5,358728,5921798,0,crest,1.7,15.7,0,0.7,0,8.7,11.7,0,0,0,5,9,43.3,35,0,2,0,0,0,679,120,222,1254.011,0,2.93,11.65,6.97,168279,35197
257,11/05/2007,Autumn 2007,Gough,6,359300,5922160,nw,slope,43.3,26.7,0,20.7,0,0,0,0.7,0,0,0,25,1.7,10,26.7,0,0,0,0,714,124,238,1253.944,0.08768747,3.01,12.43,6.16,175456,41114
258,11/05/2007,Autumn 2007,Gough,7,358608,5921940,s,slope,20,35,0,3.3,0,0,0,0,0,0,0,6.7,26.7,33.3,0,,0,0,0,673,119,220,1254.64,0,2.9,12.17,6.21,174481,44255
259,11/05/2007,Autumn 2007,Gough,8,358986,5921922,n,slope,5,46.7,0,1,0,3.3,20,1.7,0,0,0,30,0,1.7,0,47,0,0,0,688,121,226,1253.765,1.345622,2.7,11.93,8.35,175676,44561
260,11/05/2007,Autumn 2007,Gough,9,358815,5921963,s,slope,10,83.3,0,7,0,0,0,0,0,0,0,5,0,0,0,34,0,0,0,686,121,225,1254.331,0,2.93,11.69,7.99,177438,52383
261,9/05/2007,Autumn 2007,Green,1,359972,5871635,n,slope,12.4,0,0,0,0,0,2.3,0,0,0,55,14,0,21.7,6.7,0,0,4,0,899,159,275,1151.479,0,1.48,14.89,6.74,170522,34290
262,9/05/2007,Autumn 2007,Green,2,359924,5871773,n,slope,5,15.3,0,33.3,0,0,1.7,0,0,0,26.7,0,0,26.7,0,5,0,0,0,934,164,290,1151.425,0,1.61,13.62,6.81,163868,64204
263,9/05/2007,Autumn 2007,Green,3,359869,5871765,n,slope,5,28.3,0,5,0,0,20,0,0,0,21.7,6.7,0,25,0,6,0,0,0,916,162,282,1151.5,0,1.6,14.68,7.23,169958,51851
264,9/05/2007,Autumn 2007,Green,4,359715,5871694,e,slope,18.3,0,0,6.7,0,0,16.7,6.7,5,0,11.7,16.7,15,8.3,0,11,0,0,0,956,167,297,1150.574,0,1.56,15.49,7.11,180835,56522
265,18/04/2007,Autumn 2007,Hawkey,1,330074,6010835,0,flat,0.7,1.7,0,5,0,0,0,0,0,0,6.7,90,0,0,0,42,0,0,0,415,88,119,1391.766,8.984163,1.58,15.92,4.99,176347,43319
266,18/04/2007,Autumn 2007,Hawkey,2,330228,6010621,0,flat,0,0,0,3.3,0,0,0,0,0,0,6.7,91.7,0,0,0,21,0,0,0,415,88,119,1391.582,8.984069,1.51,15.69,5.73,176350,43191
267,18/04/2007,Autumn 2007,Hawkey,3,330258,6010626,0,flat,1.7,0,0,0,0,0,1.7,0,0,0,23.3,76,0,0,13.3,0,0,0,0,415,88,119,1391.563,8.984023,1.51,15.39,5.7,176437,43235
268,18/04/2007,Autumn 2007,Hawkey,4,330133,6010679,0,flat,0,0,0,0,0,0,0,1.7,0,0,58.3,39.7,5,0,0,26,0,4,0,415,88,119,1391.242,8.983953,1.54,15.95,5.71,176411,43274
269,8/05/2007,Autumn 2007,JClark,1,367970,5872114,sw,slope,0,9,0,8.3,0,0,5,0,0,0,16.7,50,13.3,0,0,3,0,0,0,851,149,263,1146.533,0,1.64,10.6,6.35,159951,30965
270,8/05/2007,Autumn 2007,JClark,2,367757,5872197,n,slope,0,15,0,4,0,0,6.7,0,0,0,20,6.7,50,1.7,0,18,0,0,0,824,146,253,1147.365,0.0155942,1.51,11.8,5.26,173285,39499
271,8/05/2007,Autumn 2007,JClark,3,368057,5872343,n,slope,5,3,0,10,0,0,11.7,0,0,0,25,30,21.7,0,13.3,0,0,2,0,834,147,256,1147.086,0.3549827,1.6,11.2,5.92,174360,43858
272,8/05/2007,Autumn 2007,JClark,4,367956,5872074,n,slope,0,41.7,0,3.3,0,0,0,0,0,0,41.7,10,0,5.7,0,48,0,0,0,832,146,255,1146.916,0.6697928,1.75,10.77,6.08,173762,40163
273,8/05/2007,Autumn 2007,JClark,5,367930,5872140,0,toe_of_slope,25,3.3,0,7.3,0,0,0,5,0,0,1.7,16.7,63.3,0,18.3,0,0,0,0,837,147,257,1146.737,0,1.83,10.62,6.36,173779,41181
274,8/05/2007,Autumn 2007,JClark,6,368050,5872047,sw,slope,2.3,3.4,0,2.3,0,0,0,0,0,0,0,50,60,15,43.3,0,0,1,2,865,151,268,1146.219,0,1.75,12.02,6.9,166022,44652
275,8/05/2007,Autumn 2007,JClark,7,368129,5872593,se,slope,7,0,0,23.3,0,0,0,0,0,0,33.3,13.3,36.7,0,3.3,0,0,0,0,846,148,260,1149.866,0.04030164,1.29,12.57,6.01,172247,37184
276,18/04/2007,Autumn 2007,Kellock,1,409189,5987960,se,slope,2,6.7,0,1.7,0,0,23.3,0,0,0,5,35,55,13.3,18.3,0,0,0,0,522,107,153,1361.994,0.3776309,1.85,9.4,7.34,176547,43502
277,18/04/2007,Autumn 2007,Kellock,2,409097,5987446,se,slope,1.7,2,0,0,0,0,0,0,0,0,8.3,88.3,1.7,0,30,0,0,0,0,521,107,152,1361.896,0,1.6,12.84,4.15,170887,33815
278,18/04/2007,Autumn 2007,Kellock,3,409508,5987558,0,crest,8.3,13.4,0,5,0,0,16.7,0,0,0,0,63.3,0,0,0,36,0,0,0,519,106,152,1360.878,0,1.49,12.39,6.84,174386,39679
279,18/04/2007,Autumn 2007,Kellock,4,409056,5987501,w,slope,2.7,0.7,0,0,0,0,13.3,0,0,0,0,85,8.3,6.7,13.3,0,0,0,0,521,107,153,1361.693,0,1.58,11.94,3.94,171866,34246
280,18/04/2007,Autumn 2007,Kellock,5,409423,5987877,se,slope,2.3,15.7,0,3.3,0,0,16.7,0,0,0,4,41.7,76.7,0,0,6,0,0,0,526,108,154,1361.414,0,1.71,10.66,5.88,179479,45782
281,18/04/2007,Autumn 2007,Kellock,6,409380,5987313,0,crest,4.7,11.6,0,1.7,0,0,0,0,0,0,5,50,23.3,20,26.7,0,0,0,0,517,106,152,1361.011,1.140801,1.56,14.02,5.1,174082,37331
282,18/04/2007,Autumn 2007,Kellock,7,409030,5987439,w,slope,5.7,19,0,0,0,0,11.7,4,0,0,0,56.7,0,0,30,0,0,0,0,520,107,152,1361.858,0,1.58,12.89,4.13,171870,34569
283,18/04/2007,Autumn 2007,Kellock,8,408943,5987519,0,toe_of_slope,2.7,17,0,0,0,0,16.7,0,0,0,0,73.3,0,0,0,2,0,0,0,524,107,153,1362.068,0.02840571,1.69,12.45,4.59,177805,41837
284,18/04/2007,Autumn 2007,Kellock,9,409423,5988022,w,slope,0,1.3,0,0,0,0,10,0,0,0,15,73.3,1.7,0,0,7,0,0,0,525,107,153,1361.525,0,1.7,9.88,7.08,178366,44715
285,16/04/2007,Autumn 2007,Martin,1,388246,5956507,e,slope,0,0,0,0,0,0,3,0,0,0,66.7,25,3,8.3,0,8.9,0,0,0,635,116,204,1327.685,2.257107,1.03,17.35,6.21,177656,43289
286,16/04/2007,Autumn 2007,Martin,2,387864,5957432,0,flat,2,0,0,0,0,0,5,0,0,0,33.3,50,16.7,0,13.3,0,0,0,0,629,115,201,1328.711,3.75757,1.05,15.87,5.46,177108,44466
287,16/04/2007,Autumn 2007,Martin,3,388326,5957035,0,flat,3.3,0,0,0,0,0,0,3.3,0,0,13.3,81.7,1.3,0,0,15,0,0,0,632,116,203,1328.586,0.5065929,1.02,16.04,5.63,177456,43583
288,16/04/2007,Autumn 2007,Martin,4,387994,5957317,0,flat,0,1.7,0,0,0,0,0,0,0,0,6.7,79.6,6.3,0,0,5,0,8,0,631,116,202,1328.634,3.70943,1.17,15.89,5.87,176929,44370
289,16/04/2007,Autumn 2007,Martin,5,388767,5956810,e,slope,4,0.7,0,0,0,0,23.3,0,0,0,3,70,10,0,0,10,0,0,0,634,116,203,1328.297,0,1.06,16.4,5.47,177986,43671
290,16/04/2007,Autumn 2007,Martin,6,387990,5957475,sw,slope,18.3,1,0,1.3,0,0,15,0,0,0,0.7,70,0,0,0,60,1,2,0,630,115,201,1328.794,3.483027,1.31,15.44,5.53,176407,42957
291,16/04/2007,Autumn 2007,Martin,7,388797,5956967,w,slope,7.3,1.3,0,0,0,0,8.3,0,0,0,8.3,56.7,21.7,3.3,0,7,0,0,7,633,116,203,1328.502,2.251417,1.04,15.62,5.76,177700,43589
292,16/04/2007,Autumn 2007,Martin,8,388159,5956461,w,slope,4,7.4,0,4,0,0,5,0,0,0,7.3,77.3,8.3,0,0,5,0,2,0,635,116,204,1327.628,2.66553,1.17,17.65,5.06,177635,43214
293,16/04/2007,Autumn 2007,Martin,9,387864,5957138,0,flat,0,0,0,0,0,0,0,0,0,0,16.7,71.7,20,0.7,0,2,0,4,0,632,116,203,1328.347,0,1.02,16.2,5.8,177158,43538
294,16/04/2007,Autumn 2007,Martin,10,388573,5956677,n,slope,13,0.7,0,0,0,0,3.3,0,0,0,10,73.3,11.7,0,0,22,0,0,0,635,116,204,1328.013,3.498644,1.07,16.1,5.62,177668,43256
295,16/04/2007,Autumn 2007,Martin,11,388512,5956836,0,flat,6.3,3,0,0,0,0,10.7,0,0,0,63.3,14,6.3,0,0,8,0,0,0,634,116,203,1328.21,2.859993,1.2,16.88,5.28,177901,43627
296,18/04/2007,Autumn 2007,McCracken,1,358380,5957068,0,flat,3.3,0,0,0,0,0,0,0,0,0,0,100,0,0,0,3,0,0,0,534,102,163,1330.387,7.52533,1.59,15.33,5.87,176782,43659
297,18/04/2007,Autumn 2007,McCracken,2,358253,5957440,0,flat,0.7,0,0,0,0,0,0,0,0,0,3.3,96.7,0,0,0,0,0,0,0,532,102,162,1331.003,7.58768,1.47,14.18,6.16,176759,43590
298,18/04/2007,Autumn 2007,McCracken,3,358610,5957247,0,flat,3.3,0,0,0,0,0,1.7,0,0,0,0.7,95,0,0,25,0,0,0,0,534,102,163,1330.516,7.501275,1.61,14.54,5.77,176791,43657
299,18/04/2007,Autumn 2007,McCracken,4,357714,5957523,0,flat,0,1,6.7,0,0,0,1,1,0,0,2,90,0,0,0,6,0,0,1,531,102,162,1331.187,7.627931,1.28,14.68,5.53,176800,43664
300,18/04/2007,Autumn 2007,McCracken,5,358230,5957132,0,flat,0,2.7,0,0,0,0,7,1,1.7,0,50,20,30,0,0,12,0,0,0,533,102,163,1330.692,7.545447,1.51,15.64,6.07,176778,43650
301,18/04/2007,Autumn 2007,McCracken,6,357932,5957217,0,flat,0,0,0,0,0,0,1.7,0,1.7,0,3.3,96,0,0,18.3,0,0,0,0,532,102,162,1330.771,7.584615,1.51,14.09,6.11,176749,43639
302,18/04/2007,Autumn 2007,McCracken,7,358307,5956989,0,flat,0.7,1.7,0,0,0,0,0.7,0,1.7,0,5,92.7,0,0,0,2,0,1,0,534,102,163,1330.277,7.509686,1.6,15.01,6.24,176819,43741
303,18/04/2007,Autumn 2007,McCracken,8,357980,5957479,0,flat,0.7,0,0,0,0,0,0.7,0,0,0,3.3,96.7,0,0,6.7,0,0,5,0,532,102,162,1331.162,7.608881,1.41,14.2,6.18,176827,43718
304,8/05/2007,Autumn 2007,Olive,1,377394,5876407,n,slope,7,0,0,18,0,0,2,3.7,0,5,3.3,53.3,43.3,0,0,0,0,0,0,894,149,288,1166.526,0,1.35,14.06,6.07,172118,35654
305,8/05/2007,Autumn 2007,Olive,2,377181,5876421,n,slope,43.3,18.4,0,5.7,0,0,0,1.7,0,0,13.3,11.7,13.3,0,0,7,0,0,0,926,154,301,1165.906,0.1558808,1.17,12.31,5.8,175478,39667
306,8/05/2007,Autumn 2007,Olive,3,377259,5876280,e,slope,2.7,0,0,11.7,0,0,1.3,1.7,0,0,1.7,70,33.3,5,10,0,0,0,0,904,151,292,1165.729,0.807115,1.3,12.89,5.82,165462,28701
307,8/05/2007,Autumn 2007,Olive,4,377951,5876374,e,slope,0,0,0,0,0,0,1.7,0,0,0,0,95,1.7,5,20,0,0,0,0,874,147,281,1168.93,0.1136038,1.3,14.24,5.87,175430,41834
308,8/05/2007,Autumn 2007,Olive,5,377623,5876345,0,flat,55,24.6,0,20.7,0,0,0,0,0,0,8.3,21.7,0,0,0,17,0,0,0,889,149,287,1167.41,0,1.22,13.5,5.88,174143,38824
309,18/04/2007,Autumn 2007,Rokahr,1,388153,5985413,0,flat,4.6,1.3,0,8.3,0,0,0,0,0,0,18.3,63.3,3.3,0,0,5,0,0,0,523,109,155,1362.928,5.947133,1.9,13.47,6.65,176993,43885
310,18/04/2007,Autumn 2007,Rokahr,2,387814,5984922,0,flat,0,0,0,0,0,0,0,0,0,0,53.3,60,0,0,20,0,0,0,0,524,109,155,1362.254,5.935184,1.85,13.3,5.33,176912,43943
311,18/04/2007,Autumn 2007,Rokahr,3,388030,5985093,0,flat,7,1,0,5,0,0,0,0,0,0,10,60,30,0,0,4,0,0,0,524,109,155,1362.505,5.941399,1.92,12.4,5.75,176940,43939
312,18/04/2007,Autumn 2007,Rokahr,4,388427,5985415,0,flat,0.7,0,0,3.3,0,0,0,0,0,0,21.7,65,10,0,0,35,0,0,0,523,110,155,1363.02,5.944242,2.08,12.72,6.21,176948,43912
313,18/04/2007,Autumn 2007,Rokahr,5,388063,5985367,0,flat,4,4,0,3,0,0,0,0,0,0,36.7,50,7.3,0,0,21,0,0,0,523,109,155,1362.846,5.944977,1.96,12.59,5.87,176985,43885
314,18/04/2007,Autumn 2007,Rokahr,6,388080,5985038,0,flat,2.3,8.4,0,0.7,0,0,0,0,0,0,40,40,0,0,0,0,0,0,0,524,109,155,1362.467,5.940952,1.95,12.41,5.72,176938,43946
315,18/04/2007,Autumn 2007,Rokahr,7,387872,5985012,0,flat,0.7,1,0,4.3,0,0,0,0,0,0,5,51.7,63.3,0,0,2,0,0,0,524,109,155,1362.382,5.937824,1.89,12.49,5.72,176939,43941
316,17/04/2007,Autumn 2007,Sharrock,1,383431,5955513,w,slope,1,0,0,0,0,0,0,0,0,0,9,18.3,35,48.3,5,0,9,19,0,628,114,202,1324.936,0.4867549,1.72,16.17,4.86,175173,39752
317,17/04/2007,Autumn 2007,Sharrock,2,383359,5955547,0,flat,4.3,0,11.7,2.3,0,0,0,0,0,0,0,86.7,0,0,0,4,0,1,0,627,114,201,1324.823,1.77202,1.69,16.88,4.81,175684,42424
318,17/04/2007,Autumn 2007,Sharrock,3,383463,5955256,0,flat,3,0,0,0,0,0,2.3,0,0,0,30,35,26.7,10,8.3,0,4,4,0,624,114,200,1324.612,2.881396,1.61,16.86,6.25,175301,42348
319,17/04/2007,Autumn 2007,Sharrock,4,383492,5955228,s,slope,4.7,0,0,0,0,0,3.3,0,0,0,13.3,20,58.3,10,13.3,0,1,4,0,626,114,201,1324.621,1.23184,1.5,16.01,5.88,174900,40738
320,17/04/2007,Autumn 2007,Staff,1,386246,5939764,sw,slope,1.3,14.7,0,0,0,1.7,15,1.7,0,0,26.7,5,13.3,23.3,0,27,0,0,0,806,131,278,1276.976,0,1.84,18.64,5.7,172510,54949
321,17/04/2007,Autumn 2007,Staff,2,385586,5939349,nw,slope,3,42.6,0,6.7,0,0,0,0,0,0,3,52,0,1.7,0,18,0,0,0,865,138,303,1277.867,0,1.6,17.61,6,171005,42839
322,17/04/2007,Autumn 2007,Staff,3,386019,5939574,s,slope,0,1.7,0,0.7,0,0,1.3,0,3.3,0,4,85,3,8.3,33.3,0,1,0,0,872,139,306,1277.734,0,1.59,17.1,4.77,180149,48002
323,17/04/2007,Autumn 2007,Staff,4,386574,5939755,s,slope,5,12.4,0,9.3,0,5,10,0.7,0,0,25.7,21.7,26.7,0,11.7,0,7,6,2,809,132,279,1275.16,0,2.07,22.91,7.62,173405,55321
324,17/04/2007,Autumn 2007,Staff,5,385918,5939700,nw,slope,4,23,0,31.6,0,0,1.7,0,0,0,15,26.7,0,5,0,48,0,0,0,867,139,304,1278.942,0,1.55,18.16,6.07,178460,44659
325,17/04/2007,Autumn 2007,Staff,6,385492,5939272,ne,slope,8.3,14,0,16.7,0,0,2,0.7,0,0,1.7,50,0,4,6.7,0,20,0,3,891,141,314,1276.724,0,1.78,15.69,6.29,182027,50295
326,17/04/2007,Autumn 2007,Staff,7,385801,5939806,s,slope,5,0.3,0,1.3,0,0,5,3,0,0,0,65,0,26.7,46.7,0,0,0,1,847,136,295,1280.29,0,1.57,16.89,5.81,178292,47276
327,17/04/2007,Autumn 2007,Staff,8,385707,5939354,sw,slope,8.6,10.7,0,7.4,0,0,8.3,0,8.3,0,20,20,9,1.7,0,10,0,0,0,872,139,306,1277.695,0,1.66,16.63,6.22,174250,59133
328,17/04/2007,Autumn 2007,Staff,9,385819,5939761,ne,slope,5,12.4,0,9,0,0,5,1.7,0,0,5.7,48.3,3.3,8.3,0,32,0,0,0,874,139,307,1278.899,0,1.58,18.32,6.57,177732,45584
329,8/05/2007,Autumn 2007,Stoney,1,410427,5899118,e,slope,21.7,39.4,0,18.3,0,0,0,1.7,0,0,0,4,0,5.7,0,48,0,0,0,997,162,336,1199.182,0,2.04,17.66,7.09,184307,57295
330,8/05/2007,Autumn 2007,Stoney,2,410624,5899172,se,slope,15,13,0,5,0,0,28.3,3.3,4,0,25,7,13.3,2,0,36,1,1,0,915,155,301,1200.141,0,2.48,18.72,6.9,170949,54743
331,8/05/2007,Autumn 2007,Stoney,3,410220,5898918,se,slope,8.3,28.3,0,18.4,0,0,13.4,3.3,0,0,5.7,18.3,15,0,0,17,0,0,0,1020,164,346,1198.986,0,1.99,18.88,6.92,186447,55144
332,8/05/2007,Autumn 2007,Stoney,4,410567,5899429,0,crest,5.3,13.7,0,3.3,0,0,15,8.3,1.7,0,10,50,0,1.7,26.7,0,0,0,0,820,146,262,1199.637,0,2.11,16.62,6.82,166553,31559
333,8/05/2007,Autumn 2007,Stoney,5,410521,5899266,0,crest,3.3,6,0,3.3,0,0,5,3.4,0,0,6.7,70,13.3,8.3,13.3,0,0,0,0,925,156,306,1199.533,0,2.18,16.23,7.47,157786,27209
334,8/05/2007,Autumn 2007,Stoney,6,410494,5899306,e,slope,3,20,0,3.3,0,0,4,0,0,0,36.7,8.3,23.3,11.7,0,13,0,0,0,963,159,322,1199.617,0,2.33,15.79,7.45,178226,42812
335,8/05/2007,Autumn 2007,Stoney,7,410277,5898767,e,slope,6.3,15.3,0,9,0,0,6.7,0,0,0,5,36.7,33.3,3.3,0,2,0,0,0,973,160,326,1198.819,0,1.68,17.46,6.98,156752,18505
336,16/04/2007,Autumn 2007,Taylor,4,389851,5954634,0,flat,0,0,0,2.3,0,0,0,0,0,0,20,71.7,9,0,0,7,0,0,0,641,116,207,1325.658,5.701971,1.1,15.77,5.59,177304,43611
337,16/04/2007,Autumn 2007,Taylor,1,389643,5954703,0,flat,0,0,0,0,0,0,0,0,0,0,46.7,51.7,0,0,0,5,0,0,0,641,116,207,1325.755,5.507211,1.06,16.49,5.45,176972,43592
338,16/04/2007,Autumn 2007,Taylor,2,389653,5954793,0,flat,0,0,0,1.7,0,0,0,0,0,0,73.3,25,0,0,0,18,0,0,0,640,116,206,1325.895,5.486887,1.1,16.25,5.86,176970,43594
339,16/04/2007,Autumn 2007,Taylor,3,389607,5954928,0,flat,0,0.7,0,0.7,0,0,0,0,0,0,28.3,61.7,10,0,0,22,0,0,0,640,116,206,1326.022,5.446009,1.07,15.85,5.88,176952,43510
340,16/04/2007,Autumn 2007,Taylor,5,389854,5954441,0,flat,0.3,0,0.3,0,0,0,0.3,0,0,0,41.7,41.7,18.3,0,3.3,0,0,0,0,642,116,207,1325.539,5.732852,1.08,15.45,6,177329,43590
341,9/05/2007,Autumn 2007,Wakefield,1,348451,5873910,se,slope,53.3,33,0,0.7,0,0,0,3.3,0,0,3.3,15,20,0,0,9,0,0,0,768,143,228,1142.444,0,1.62,13.9,5.96,170170,35426
342,9/05/2007,Autumn 2007,Wakefield,2,348442,5873883,s,slope,26.7,20,0,11.7,0,0,0,0,0,0,6.7,33.3,25,0,0,6,0,0,0,765,143,227,1142.167,0.4567561,1.63,14.13,5.97,173948,40055
343,9/05/2007,Autumn 2007,Wakefield,3,348251,5873900,0,toe_of_slope,18.3,61.6,0,10,0,0,0,0,0,0,3.3,11.7,0,3.3,0,2,0,0,0,753,141,223,1141.993,0.8657055,1.75,13.68,5.84,175487,42309
344,9/05/2007,Autumn 2007,Wakefield,4,348188,5873921,s,slope,66.7,9.7,0,8.7,0,0,0,0,0,0,0,43.3,0,0,0,13,0,0,0,748,140,221,1142.086,1.240003,1.88,14.03,5.86,175372,42014
345,20/04/2007,Autumn 2007,Yorston,1,357956,5895604,e,toe_of_slope,4.6,19.1,0,1.7,0,0,7,0,0,0,6.7,60,5,0,10,0,0,0,0,829,142,271,1152.045,0.4518403,2.47,16.76,7.49,181515,48080
346,20/04/2007,Autumn 2007,Yorston,2,359016,5894543,0,toe_of_slope,7,19,0,3.3,0,0,10,0,1.7,0,16.7,30,0,0,0,0,0,0,0,895,150,295,1151.304,0,1.46,17.61,7.37,182134,49036
347,20/04/2007,Autumn 2007,Yorston,3,358039,5895772,w,slope,6.7,11.7,0,21.7,0,0,33.3,0,0,0,5,20,0,0,0,12,0,0,0,827,141,270,1151.961,2.93232,2.23,17.25,7.66,180505,44583
348,20/04/2007,Autumn 2007,Yorston,4,358923,5894635,w,slope,3.3,11,0,0.7,0,0,22.3,0,0,0,5,30,10,15.7,0,6,0,0,0,924,154,305,1151.335,0,1.4,17.25,7.28,178400,43295
349,20/04/2007,Autumn 2007,Yorston,5,358185,5895773,0,crest,33.3,33.3,0,0,0,0,33.3,0,0,0,0,10,0,0,0,4,0,0,0,829,141,271,1151.295,0.4974937,2.28,18.17,7.62,180569,46096
350,20/04/2007,Autumn 2007,Yorston,6,358075,5895338,w,slope,12.3,23.3,0,2.3,0,0,21.7,1.7,0,0,18.3,18.3,0,0,0,56,0,0,0,841,143,275,1150.684,0,2.37,17.64,7.1,180443,45087
351,20/04/2007,Autumn 2007,Yorston,7,359029,5894737,w,slope,6.7,8.3,0,13.3,0,0,43.3,0,0,0,8.3,20,0,0,0,32,0,0,0,948,156,314,1150.809,0,1.34,17.04,7.29,181088,45517
